{

    "metadata" :
    {
        "formatVersion" : 3.1,
        "generatedBy"   : "Blender 2.62 Exporter",
        "vertices"      : 45,
        "faces"         : 86,
        "normals"       : 45,
        "colors"        : 0,
        "uvs"           : 78,
        "materials"     : 1,
        "morphTargets"  : 11
    },

    "scale" : 1.000000,

    "materials": [	{
	"DbgColor" : 15658734,
	"DbgIndex" : 0,
	"DbgName" : "Material.003",
	"blending" : "NormalBlending",
	"colorAmbient" : [0.0, 0.0, 0.0],
	"colorDiffuse" : [0.6400000190734865, 0.6400000190734865, 0.6400000190734865],
	"colorSpecular" : [0.5, 0.5, 0.5],
	"depthTest" : true,
	"depthWrite" : true,
	"transparency" : 0.7,
	"transparent" : false,
	"vertexColors" : false
	}],

    "vertices": [2.187521,7.297610,7.873960,-7.615330,5.771669,-8.836796,2.548737,15.149518,3.619281,-1.938918,15.354294,-3.426874,-2.350861,10.504087,11.188572,-9.486824,-1.538033,8.029690,11.991876,-8.400088,3.469452,11.163660,-3.187291,-4.664553,9.233589,4.071843,7.847696,-1.680212,-8.024331,-10.803959,-5.791061,6.739312,-6.732074,5.845311,14.051423,1.695611,-1.235154,1.447275,-12.359179,-3.322983,15.647173,1.366428,-6.896673,12.633745,-3.197797,1.152709,6.576465,-9.157685,7.905924,0.381432,6.932933,-9.965943,-8.571923,-3.781052,9.063308,5.924602,1.168828,-11.270166,5.698835,2.547936,-3.328339,4.182071,7.865878,-10.199401,9.157723,-1.176322,4.932381,-8.405349,-9.967756,-3.389261,11.393081,-8.301710,8.746392,8.312346,-6.371972,-8.097702,7.079716,1.340848,4.431224,12.513742,8.346682,9.418221,-8.601229,-1.755673,-11.609784,-0.005887,-4.132676,9.456803,10.227465,-0.055016,4.828527,9.986591,10.434813,0.078228,9.488705,0.000003,11.906501,4.361128,-1.009741,5.348903,2.789804,-10.791602,4.767451,6.635454,11.613863,2.887048,5.133286,10.005159,7.802850,-0.166134,-6.119871,-8.094876,9.289920,6.036234,2.856440,14.752531,-4.741281,-11.697094,-8.778457,5.146714,-7.823472,-8.182232,-9.479935,9.551558,7.762452,5.325969,-2.478115,7.081234,11.970491,-1.053400,13.944589,7.426066,4.837881,6.278392,7.915169],
    "morphTargets": [{ "name": "stand000", "vertices": [2.187521,7.297610,7.873960,-7.615330,5.771669,-8.836796,2.548737,15.149518,3.619281,-1.938918,15.354294,-3.426874,-2.350861,10.504087,11.188572,-9.486824,-1.538033,8.029690,11.991876,-8.400088,3.469452,11.163660,-3.187291,-4.664553,9.233589,4.071843,7.847696,-1.680212,-8.024331,-10.803959,-5.791061,6.739312,-6.732074,5.845311,14.051423,1.695611,-1.235154,1.447275,-12.359179,-3.322983,15.647173,1.366428,-6.896673,12.633745,-3.197797,1.152709,6.576465,-9.157685,7.905924,0.381432,6.932933,-9.965943,-8.571923,-3.781052,9.063308,5.924602,1.168828,-11.270166,5.698835,2.547936,-3.328339,4.182071,7.865878,-10.199401,9.157723,-1.176322,4.932381,-8.405349,-9.967756,-3.389261,11.393081,-8.301710,8.746392,8.312346,-6.371972,-8.097702,7.079716,1.340848,4.431224,12.513742,8.346682,9.418221,-8.601229,-1.755673,-11.609784,-0.005887,-4.132676,9.456803,10.227465,-0.055016,4.828527,9.986591,10.434813,0.078228,9.488705,0.000003,11.906501,4.361128,-1.009741,5.348903,2.789804,-10.791602,4.767451,6.635454,11.613863,2.887048,5.133286,10.005159,7.802850,-0.166134,-6.119871,-8.094876,9.289920,6.036234,2.856440,14.752531,-4.741281,-11.697094,-8.778457,5.146714,-7.823472,-8.182232,-9.479935,9.551558,7.762452,5.325969,-2.478115,7.081234,11.970491,-1.053400,13.944589,7.426066,4.837881,6.278392,7.915169] }],

    "normals": [-0.294443,0.508988,0.808832,0.300882,-0.147618,0.942137,0.447645,0.474624,0.757836,-0.178137,-0.972991,0.146641,-0.614612,-0.616077,-0.492569,-0.367260,-0.531846,0.763024,-0.734947,0.483810,0.475112,-0.181646,0.840754,0.510025,0.860561,0.369579,0.350414,0.387921,-0.787225,0.479293,0.979156,0.188849,-0.074343,0.762658,-0.021821,0.646413,-0.198645,-0.963897,-0.177160,-0.226264,-0.208136,0.951537,0.587420,-0.796197,-0.144749,0.505173,0.140080,-0.851558,0.251686,-0.938078,-0.237983,-0.076357,0.108280,-0.991150,-0.348399,-0.214026,0.912564,0.866176,-0.141148,-0.479324,-0.636311,0.278176,-0.719474,-0.204535,-0.915830,-0.345470,-0.948241,0.036927,-0.315348,-0.123508,-0.980926,-0.149876,0.559832,-0.608905,0.561937,-0.766289,-0.244179,0.594256,-0.268105,-0.617542,0.739402,0.415998,0.722098,0.552690,-0.228065,0.586383,-0.777245,-0.658254,0.697165,-0.283914,-0.220344,-0.886654,0.406476,0.738945,-0.653645,-0.163305,-0.102817,-0.993378,0.051149,-0.002960,-0.862423,-0.506119,0.690023,0.420728,-0.588916,0.215888,0.956023,0.198401,0.589190,0.806024,0.055940,0.310282,0.825556,-0.471328,-0.346904,0.930479,0.117649,-0.868313,0.483169,-0.111789,-0.943205,0.247566,0.221381,-0.036439,-0.998230,-0.046419,-0.171728,0.933470,-0.314829,0.814478,0.578661,-0.041871,-0.837794,-0.545915,0.004608],

    "colors": [],

    "uvs": [[0.000000,0.022260,0.058152,0.105125,0.022578,0.114456,0.057112,0.118914,0.097217,0.117899,0.122073,0.183092,0.045278,0.722663,0.000000,0.604535,0.071937,0.603092,0.216230,0.434588,0.188528,0.273459,0.281548,0.370488,0.079673,0.183055,0.257050,0.239463,0.523459,0.355083,0.568908,0.287746,0.604385,0.395176,0.500638,0.861620,0.498080,0.975195,0.410585,0.875322,0.099190,0.812730,0.076241,0.924164,0.000000,0.783937,0.032316,0.145088,0.306776,0.288585,0.309477,0.842335,0.326158,0.982399,0.237466,0.907663,0.603870,0.437987,0.662682,0.608124,0.535872,0.496662,0.782399,0.437987,0.715299,0.529588,0.485957,0.185775,0.082423,0.523017,0.045200,0.498242,0.141315,0.434588,0.274381,0.693974,0.295122,0.783936,0.194842,0.722893,0.485957,0.086409,0.643810,0.179793,0.121762,0.177962,0.411145,0.590458,0.407747,0.707850,0.734638,0.267524,0.634762,0.367647,0.578684,0.811450,0.610209,0.929838,0.801984,0.613660,0.138591,0.571923,0.176670,0.534534,0.242678,0.600301,0.145349,0.654629,0.198555,0.817203,0.153090,0.857540,0.244616,0.992993,0.122474,1.000000,0.209771,0.654366,0.600972,0.000000,0.751141,0.122151,0.223402,0.478690,0.320120,0.515056,0.169161,0.000000,0.189629,0.114967,0.291578,0.434588,0.365650,0.391999,0.154587,0.783937,0.396705,0.193269,0.295885,0.121396,0.409310,0.973259,0.599025,0.437987,0.485957,0.568040,0.078676,0.084915,0.485957,0.138198,0.036439,0.207424,0.492018,0.384687,0.620138,1.000000]],