{
    "metadata" :
    {
        "formatVersion" : 3.1,
        "generatedBy"   : "Blender 2.62 Exporter",
        "vertices"      : 65,
        "faces"         : 69,
        "normals"       : 65,
        "colors"        : 0,
        "uvs"           : 140,
        "materials"     : 1,
        "morphTargets"  : 11
    },
    "scale" : 1.000000,
    "materials": [	{
	"DbgColor" : 15658734,
	"DbgIndex" : 0,
	"DbgName" : "Material.002",
	"blending" : "NormalBlending",
	"depthTest" : true,
	"depthWrite" : true,
	"transparency" : 0.7,
	"transparent" : true,
	"vertexColors" : false
	}],
    "vertices": [1.668637,-0.620155,-1.654080,1.668637,-0.620155,1.654078,-1.639521,-0.620155,1.654078,-1.639520,-0.620155,-1.654081,1.450058,12.996241,-1.435500,1.450056,12.996241,1.435499,-1.420942,12.996241,1.435497,-1.420941,12.996241,-1.435501,-1.589351,32.566200,-1.654082,-1.589352,32.566193,1.654076,1.705609,32.861393,1.654077,1.705611,32.861393,-1.654081,0.058130,32.713795,-1.654081,-1.589351,32.566200,-0.000003,0.058129,32.713795,1.654077,1.705610,32.861393,-0.000002,6.291440,34.745880,0.000000,-0.072846,34.175697,6.389771,-6.437126,33.605522,-0.000005,-0.072841,34.175701,-6.389775,3.778929,36.525436,-3.995038,3.778924,36.525436,4.078469,-4.262374,35.805012,4.078466,-4.262373,35.805012,-3.995040,-8.496271,36.368336,-8.194175,-8.496276,36.368336,8.194163,7.826687,37.830719,8.194170,7.823122,37.832394,-8.194170,-0.334786,37.099529,-10.744102,-11.036029,36.140800,-0.000006,-0.334795,37.099525,10.744097,10.366450,38.058254,0.000002,13.863400,49.784500,0.000003,-1.284850,48.368919,15.378469,-16.593796,46.761791,-0.000008,-2.117271,48.774857,-14.308998,10.121280,49.995796,-11.617602,10.197616,50.674656,11.694597,-13.363672,47.124187,12.089098,-13.389301,47.130447,-12.089113,-14.952544,68.264374,-10.029592,-14.665965,68.849670,7.274794,4.514551,70.497955,7.641716,4.141066,69.156418,-8.559110,-5.583104,66.981491,-11.280638,-15.349566,62.750797,-2.176347,-3.546892,64.972443,11.437039,7.896516,68.109772,-0.666200,-2.221117,82.527054,0.606440,-6.649685,81.069122,5.151935,-11.786055,80.371277,-0.000005,-6.802521,82.016815,-5.950627,-3.976979,82.284821,-3.749024,-2.563298,79.728806,3.893587,-11.043350,80.972260,2.899978,-11.334217,79.862778,-2.931984,-8.925158,91.644073,-0.863745,-8.925158,91.644073,0.863737,-7.212832,91.872406,0.863737,-7.212832,91.872406,-0.863745,-8.195827,92.709366,-0.863745,-9.051990,92.595200,-0.000004,-8.195827,92.709366,0.863737,-7.339664,92.823532,-0.000003,-8.483123,94.863846,-0.000004],
    "morphTargets": [{ "name": "stand_000", "vertices": [1.668637,-0.620155,-1.654080,1.668637,-0.620155,1.654078,-1.639521,-0.620155,1.654078,-1.639520,-0.620155,-1.654081,1.450058,12.996241,-1.435500,1.450056,12.996241,1.435499,-1.420942,12.996241,1.435497,-1.420941,12.996241,-1.435501,-1.631004,32.682846,-1.654082,-1.631005,32.682846,1.654076,1.676678,32.738884,1.654077,1.676680,32.738884,-1.654081,0.022838,32.710869,-1.654081,-1.631005,32.682846,-0.000003,0.022837,32.710869,1.654077,1.676679,32.738884,-0.000002,6.386833,34.286644,0.000000,-0.002026,34.178417,6.389771,-6.390880,34.070187,-0.000005,-0.002021,34.178417,-6.389775,4.009658,36.243317,-3.995038,4.009653,36.243317,4.078469,-4.062694,36.106567,4.078466,-4.062693,36.106567,-3.995040,-8.244738,36.974743,-8.194175,-8.244742,36.974743,8.194163,8.141246,37.252323,8.194170,8.141255,37.252323,-8.194170,-0.051740,37.113533,-10.744102,-10.794303,36.931553,-0.000006,-0.051749,37.113533,10.744097,10.690814,37.295517,0.000002,15.133040,48.677433,0.000003,-0.243232,48.416958,15.378469,-15.619490,48.156487,-0.000008,-0.881689,48.903515,-14.308998,11.429063,49.172459,-11.617602,11.534135,49.815105,11.694597,-12.330602,48.212196,12.089098,-12.330595,48.212196,-12.089113,-10.555998,69.991455,-10.029593,-10.145175,70.583633,7.274793,9.035498,69.696823,7.641715,8.386220,68.548843,-8.559110,-1.526853,67.477417,-11.280638,-11.719937,65.057816,-2.176348,0.307440,65.200531,11.437038,11.967235,67.070236,-0.666201,3.755818,82.538742,0.606438,-0.805383,81.601898,5.151933,-5.956579,81.514648,-0.000006,-0.853858,82.560486,-5.950629,1.983736,82.500717,-3.749025,3.119388,79.794144,3.893586,-5.186882,82.012161,2.899977,-5.579518,80.952286,-2.931985,-1.851630,92.368347,-0.863746,-1.851631,92.368347,0.863736,-0.124397,92.397598,0.863736,-0.124395,92.397598,-0.863746,-1.004266,93.342377,-0.863746,-1.867883,93.327759,-0.000005,-1.004266,93.342377,0.863736,-0.140649,93.357010,-0.000005,-1.041081,95.515625,-0.000005] }],
    "normals": [0.581500,-0.568896,-0.581500,0.581500,-0.568896,0.581500,-0.581500,-0.568896,0.581500,-0.581500,-0.568896,-0.581500,0.706900,0.002899,-0.707297,0.706900,0.002899,0.707297,-0.707358,0.004395,0.706809,-0.707358,0.004395,-0.706809,0.044069,-0.496780,-0.866726,-0.526658,-0.606586,-0.595508,0.623524,-0.547655,-0.557878,-0.845790,-0.533494,-0.001770,-0.524613,-0.610065,0.593768,0.044221,-0.498489,0.865749,0.621998,-0.551256,0.556047,0.885617,-0.464370,-0.001679,0.412580,-0.846919,-0.335368,0.443068,-0.896451,-0.001343,0.411451,-0.847926,0.334147,0.082888,-0.928495,0.361919,-0.254433,-0.907407,0.334391,-0.276254,-0.961058,-0.001251,-0.255623,-0.906674,-0.335521,0.083041,-0.929106,-0.360302,-0.454115,-0.707907,-0.540880,0.073519,-0.671621,-0.737205,0.582537,-0.591662,-0.557237,-0.644154,-0.764855,0.000092,-0.462111,-0.714286,0.525529,0.596454,-0.596026,0.537522,0.077303,-0.692953,0.716788,0.782434,-0.622700,0.001007,0.682394,0.005524,-0.730949,0.999817,0.015168,-0.009400,0.708701,0.025849,0.705008,0.027314,-0.078616,0.996521,-0.691305,-0.176183,0.700736,-0.972167,-0.234077,0.005463,-0.664663,-0.206244,-0.718070,0.032960,-0.078616,-0.996338,-0.742454,0.258034,-0.618152,-0.001312,0.275491,-0.961272,0.598712,0.416974,-0.683828,-0.996765,0.079684,-0.009125,-0.776543,0.260231,0.573779,0.612110,0.463973,0.640309,-0.018036,0.290292,0.956755,0.898984,0.436598,-0.033876,0.620594,0.479049,-0.620746,0.854274,0.518540,0.035707,0.553880,0.517350,0.652303,-0.027558,0.369427,0.928831,-0.766808,0.305521,0.564470,-0.973022,0.230445,-0.010376,-0.815149,0.334269,-0.473006,-0.041658,0.418165,-0.907407,-0.790948,0.262154,-0.552812,-0.061586,0.459212,-0.886166,0.687918,0.424818,-0.588458,-0.946593,0.322336,0.001404,-0.738212,0.263344,0.620991,0.615101,0.415723,0.669912,-0.056337,0.438032,0.897153,0.834315,0.551256,0.002594,-0.132176,0.991211,0.000000],
    "colors": [],